metrics,LR,MR,LR_ups,MR_ups
avg_MSE,256.6362335292067,487.28784731460166,151.40969829559026,488.52397095379126
med_MSE,250.4323760061087,506.87886325006855,137.8825785570461,474.77497468349486
avg_NMSE,0.06713560620578317,0.09623547702676326,0.05239275128518308,0.09397800623826376
med_NMSE,0.06735373704952315,0.09551549972512487,0.05023305002520152,0.09403504283329203
avg_SSIM,0.8592224600775948,0.8549754041976394,0.9372502616439865,0.8926844614162871
med_SSIM,0.8648576700672941,0.8596958276609579,0.9385384972797349,0.8947712048760728
avg_PSNR,24.214096603312775,21.06816845544393,26.54010335496804,21.398915672166318
med_PSNR,24.14457285263846,21.04727368095206,26.736060886741267,21.366288977647166
